{
  "env": "dev",
  "generated_at": "2025-09-23T20:57:59.796313",
  "notes": "",
  "ok": true,
  "schema_version": "1.2",
  "stages": {
    "backtest-loop": 105.42045378684998,
    "charts": 8.91242504119873,
    "enrich-universe": 0.10850787162780762,
    "finalize": 1758657479.779696,
    "greeks": 0.27422308921813965,
    "init": 1758657316.559446,
    "load-data": 22.6141140460968,
    "metrics": 0.22112417221069336,
    "pid-init": 0.0229949951171875,
    "predictor": 0.0,
    "regimes": 0.2826211452484131,
    "sim-news": 25.34456491470337
  }
}