{
  "baseline": {
    "cagr": 0.08261281289981715,
    "max_dd": -0.36281457521697,
    "omega": 1.1248810856332034,
    "sortino": 0.7084563736654975
  },
  "env": "dev",
  "generated_at": "2025-09-23T20:57:24.973837",
  "pid": {
    "cagr": 0.0710464411119589,
    "max_dd": -0.35051509919317014,
    "omega": 1.1225271538392365,
    "sortino": 0.6699589338831584
  },
  "pid_by_regime": {
    "bear": {
      "days": 1118,
      "hit_rate": 0.19588550983899822,
      "omega": 0.2722057703164683,
      "sortino": -6.1964474054556735
    },
    "bull": {
      "days": 1467,
      "hit_rate": 0.48057259713701433,
      "omega": 3.380986495226546,
      "sortino": 7.74253090997884
    },
    "neutral": {
      "days": 790,
      "hit_rate": 0.4468354430379747,
      "omega": 1.2764829114014078,
      "sortino": 1.6744256983008854
    }
  },
  "schema_version": "1.2"
}